{
  "version": 1,
  "author": "arfa Khanam",
  "editor": "wokwi",
  "parts": [
    { "type": "board-esp32-devkit-c-v4", "id": "esp", "top": 96, "left": -23.96, "attrs": {} },
    {
      "type": "wokwi-lcd1602",
      "id": "lcd1",
      "top": 25.6,
      "left": 370.4,
      "attrs": { "pins": "i2c" }
    },
    {
      "type": "wokwi-dht22",
      "id": "dht1",
      "top": 259.5,
      "left": 253.8,
      "attrs": { "temperature": "54.3", "humidity": "24.5" }
    },
    {
      "type": "wokwi-slide-potentiometer",
      "id": "pot1",
      "top": -235,
      "left": -500.2,
      "attrs": { "travelLength": "30" }
    }
  ],
  "connections": [
    [ "esp:TX", "$serialMonitor:RX", "", [] ],
    [ "esp:RX", "$serialMonitor:TX", "", [] ],
    [ "esp:GND.1", "pot1:GND", "black", [ "h-9.45", "v-268.8" ] ],
    [ "esp:34", "pot1:SIG", "green", [ "h-230.25", "v-153.6" ] ],
    [ "pot1:VCC", "esp:3V3", "red", [ "v-48", "h230.4", "v307.2", "h211.05" ] ],
    [ "dht1:VCC", "esp:3V3", "red", [ "h-345.6", "v-192", "h-9.6", "v-57.6" ] ],
    [ "esp:GND.2", "dht1:GND", "black", [ "h38.4", "v316.8", "h182.4" ] ],
    [ "esp:23", "dht1:SDA", "green", [ "h105.6", "v278.4", "h95.9" ] ],
    [ "lcd1:GND", "esp:GND.2", "black", [ "h-201.6", "v67.2" ] ],
    [ "lcd1:VCC", "esp:3V3", "red", [ "h-297.6", "v57.7" ] ],
    [ "esp:21", "lcd1:SDA", "green", [ "h201.6", "v-96" ] ],
    [ "esp:22", "lcd1:SCL", "green", [ "h249.6", "v-57.6" ] ]
  ],
  "dependencies": {}
}